{
    "header": {
        "stamp": {
            "sec": 1743512314,
            "nanosec": 214842575
        },
        "frame_id": "sensor_kit_base_link"
    },
    "child_frame_id": "camera1",
    "transform": {
        "translation": {
            "x": 0.7205965430160353,
            "y": 0.05197685845037947,
            "z": -0.5703420555832877
        },
        "rotation": {
            "x": -0.5478399400657611,
            "y": 0.535073216843676,
            "z": -0.4247440149220948,
            "w": 0.48286703601836706
        }
    },
    "roll": -1.7447648233046469,
    "pitch": 0.05137756536867612,
    "yaw": -1.504080528360984
}